 TIME , SCORE , F1 , F2 , FORMANT_FOUND , Sequence 
 173.843994140625 , 835.0 , 574.6 , 2746.3 , none , 0.3" 0.08" 0.04" 0.05" 0.59" 0.92" -0.32" 0.38"  
 328.7650146484375 , 835.0 , 574.6 , 2746.3 , none , 0.3" 0.08" 0.04" 0.05" 0.59" 0.92" -0.32" 0.38"  
 449.2650146484375 , 835.0 , 0.0 , 0.0 , none , 0.3" 0.08" 0.04" 0.05" 0.59" 0.92" -0.32" 0.38"  
 603.9530029296875 , 835.0 , 0.0 , 0.0 , none , 0.3" 0.08" 0.04" 0.05" 0.59" 0.92" -0.32" 0.38"  
 741.625 , 835.0 , 0.0 , 0.0 , none , 0.3" 0.08" 0.04" 0.05" 0.59" 0.92" -0.32" 0.38"  
 897.218994140625 , 813.0 , 577.4 , 2721.7 , none , 0.3" 0.08" 0.04" 0.42" 0.59" 0.92" 0.42" 0.38"  
 1053.4840087890625 , 813.0 , 577.4 , 2721.7 , none , 0.3" 0.08" 0.04" 0.42" 0.59" 0.92" 0.42" 0.38"  
 1208.781005859375 , 813.0 , 577.4 , 2721.7 , none , 0.3" 0.08" 0.04" 0.42" 0.59" 0.92" 0.42" 0.38"  
 1349.25 , 772.0 , 450.4 , 1352.6 , none , 0.52" 0.3" 0.38" 0.14" 0.1" 0.92" 0.42" 0.81"  
 1506.06201171875 , 772.0 , 450.4 , 1352.6 , none , 0.52" 0.3" 0.38" 0.14" 0.1" 0.92" 0.42" 0.81"  
 1627.5 , 772.0 , 0.0 , 0.0 , none , 0.52" 0.3" 0.38" 0.14" 0.1" 0.92" 0.42" 0.81"  
 1748.68701171875 , 772.0 , 0.0 , 0.0 , none , 0.52" 0.3" 0.38" 0.14" 0.1" 0.92" 0.42" 0.81"  
 1853.1090087890625 , 772.0 , 0.0 , 0.0 , none , 0.52" 0.3" 0.38" 0.14" 0.1" 0.92" 0.42" 0.81"  
 1975.093994140625 , 772.0 , 0.0 , 0.0 , none , 0.52" 0.3" 0.38" 0.14" 0.1" 0.92" 0.42" 0.81"  
 2097.468994140625 , 772.0 , 0.0 , 0.0 , none , 0.52" 0.3" 0.38" 0.14" 0.1" 0.92" 0.42" 0.81"  
 2238.047119140625 , 772.0 , 0.0 , 0.0 , none , 0.52" 0.3" 0.38" 0.14" 0.1" 0.92" 0.42" 0.81"  
 2398.75 , 764.0 , 446.4 , 1356.1 , none , 0.52" 0.3" 0.38" 0.14" 0.05" 0.92" 0.42" 0.81"  
 2537.672119140625 , 764.0 , 0.0 , 0.0 , none , 0.52" 0.3" 0.38" 0.14" 0.05" 0.92" 0.42" 0.81"  
 2659.875 , 747.0 , 426.5 , 1353.9 , none , 0.52" 0.3" 0.85" 0.34" 0.1" 0.92" 0.42" 0.81"  
 2782.031005859375 , 747.0 , 0.0 , 0.0 , none , 0.52" 0.3" 0.85" 0.34" 0.1" 0.92" 0.42" 0.81"  
 2922.514892578125 , 737.0 , 419.3 , 1356.1 , none , 0.52" 0.3" 0.85" 0.14" 0.1" 0.92" 0.42" 0.81"  
 3081.031005859375 , 736.0 , 419.0 , 1357.9 , none , 0.52" 0.3" 0.85" 0.14" 0.05" 0.92" 0.44" 0.81"  
 3240.375 , 736.0 , 419.0 , 1357.9 , none , 0.52" 0.3" 0.85" 0.14" 0.05" 0.92" 0.44" 0.81"  
 3400.281005859375 , 734.0 , 452.3 , 1392.3 , none , 0.52" 0.3" 0.85" 0.14" 0.05" 0.64" 0.44" 0.1"  
 3561.406005859375 , 734.0 , 452.3 , 1392.3 , none , 0.52" 0.3" 0.85" 0.14" 0.05" 0.64" 0.44" 0.1"  
 3719.81201171875 , 734.0 , 452.3 , 1392.3 , none , 0.52" 0.3" 0.85" 0.14" 0.05" 0.64" 0.44" 0.1"  
 3877.077880859375 , 734.0 , 452.1 , 1392.6 , none , 0.52" 0.3" 0.85" 0.14" 0.05" 0.92" 0.44" 0.1"  
 4035.06201171875 , 734.0 , 452.3 , 1392.2 , none , 0.52" 0.3" 0.85" 0.14" 0.05" 0.64" 0.44" 0.1"  
 4176.18701171875 , 666.0 , 489.6 , 1497.4 , none , 0.52" 0.3" 0.85" 0.23" 0.01" 0.92" 0.46" 0.1"  
 4317.34423828125 , 666.0 , 0.0 , 0.0 , none , 0.52" 0.3" 0.85" 0.23" 0.01" 0.92" 0.46" 0.1"  
 4459.23388671875 , 666.0 , 0.0 , 0.0 , none , 0.52" 0.3" 0.85" 0.23" 0.01" 0.92" 0.46" 0.1"  
 4599.953125 , 666.0 , 0.0 , 0.0 , none , 0.52" 0.3" 0.85" 0.23" 0.01" 0.92" 0.46" 0.1"  
 4739.90576171875 , 666.0 , 0.0 , 0.0 , none , 0.52" 0.3" 0.85" 0.23" 0.01" 0.92" 0.46" 0.1"  
 4880.125 , 666.0 , 0.0 , 0.0 , none , 0.52" 0.3" 0.85" 0.23" 0.01" 0.92" 0.46" 0.1"  
 5002.85888671875 , 666.0 , 0.0 , 0.0 , none , 0.52" 0.3" 0.85" 0.23" 0.01" 0.92" 0.46" 0.1"  
 5143.56201171875 , 666.0 , 0.0 , 0.0 , none , 0.52" 0.3" 0.85" 0.23" 0.01" 0.92" 0.46" 0.1"  
 5283.39013671875 , 666.0 , 0.0 , 0.0 , none , 0.52" 0.3" 0.85" 0.23" 0.01" 0.92" 0.46" 0.1"  
 5406.31201171875 , 666.0 , 0.0 , 0.0 , none , 0.52" 0.3" 0.85" 0.23" 0.01" 0.92" 0.46" 0.1"  
 5547.375 , 665.0 , 477.5 , 1486.9 , none , 0.52" 0.3" 0.88" 0.23" 0.01" 0.92" 0.46" 0.1"  
 5653.671875 , 665.0 , 0.0 , 0.0 , none , 0.52" 0.3" 0.88" 0.23" 0.01" 0.92" 0.46" 0.1"  
 5759.953125 , 665.0 , 0.0 , 0.0 , none , 0.52" 0.3" 0.88" 0.23" 0.01" 0.92" 0.46" 0.1"  
 5881.39013671875 , 665.0 , 0.0 , 0.0 , none , 0.52" 0.3" 0.88" 0.23" 0.01" 0.92" 0.46" 0.1"  
 6019.34423828125 , 665.0 , 0.0 , 0.0 , none , 0.52" 0.3" 0.88" 0.23" 0.01" 0.92" 0.46" 0.1"  
 6157.51513671875 , 665.0 , 0.0 , 0.0 , none , 0.52" 0.3" 0.88" 0.23" 0.01" 0.92" 0.46" 0.1"  
 6296.125 , 664.0 , 477.6 , 1487.7 , none , 0.52" 0.3" 0.88" 0.23" 0.01" 0.33" 0.46" 0.1"  
 6417.14013671875 , 664.0 , 0.0 , 0.0 , none , 0.52" 0.3" 0.88" 0.23" 0.01" 0.33" 0.46" 0.1"  
 6573.28076171875 , 664.0 , 0.0 , 0.0 , none , 0.52" 0.3" 0.88" 0.23" 0.01" 0.33" 0.46" 0.1"  
 6729.671875 , 664.0 , 0.0 , 0.0 , none , 0.52" 0.3" 0.88" 0.23" 0.01" 0.33" 0.46" 0.1"  
 6869.18701171875 , 664.0 , 0.0 , 0.0 , none , 0.52" 0.3" 0.88" 0.23" 0.01" 0.33" 0.46" 0.1"  
 7024.73388671875 , 664.0 , 0.0 , 0.0 , none , 0.52" 0.3" 0.88" 0.23" 0.01" 0.33" 0.46" 0.1"  
 7181.0 , 664.0 , 0.0 , 0.0 , none , 0.52" 0.3" 0.88" 0.23" 0.01" 0.33" 0.46" 0.1"  
 7337.93701171875 , 664.0 , 0.0 , 0.0 , none , 0.52" 0.3" 0.88" 0.23" 0.01" 0.33" 0.46" 0.1"  
 7494.078125 , 664.0 , 464.1 , 1474.4 , none , 0.73" 0.3" 0.88" 0.23" 0.01" 0.33" 0.46" 0.1"  
 7650.171875 , 664.0 , 477.6 , 1487.6 , none , 0.52" 0.3" 0.88" 0.23" 0.01" 0.33" 0.46" 0.1"  
 7772.31201171875 , 664.0 , 0.0 , 0.0 , none , 0.52" 0.3" 0.88" 0.23" 0.01" 0.33" 0.46" 0.1"  
 7912.31201171875 , 662.0 , 486.7 , 1498.8 , none , 0.52" 0.3" 0.88" 0.26" 0.01" 0.33" 0.46" 0.1"  
 8052.98388671875 , 662.0 , 0.0 , 0.0 , none , 0.52" 0.3" 0.88" 0.26" 0.01" 0.33" 0.46" 0.1"  
 8194.53125 , 662.0 , 0.0 , 0.0 , none , 0.52" 0.3" 0.88" 0.26" 0.01" 0.33" 0.46" 0.1"  
 8350.734375 , 662.0 , 486.7 , 1499.0 , none , 0.52" 0.3" 0.88" 0.26" 0.01" 0.92" 0.46" 0.1"  
 8490.09375 , 662.0 , 0.0 , 0.0 , none , 0.52" 0.3" 0.88" 0.26" 0.01" 0.92" 0.46" 0.1"  
 8647.7646484375 , 662.0 , 0.0 , 0.0 , none , 0.52" 0.3" 0.88" 0.26" 0.01" 0.92" 0.46" 0.1"  
 8788.625 , 662.0 , 0.0 , 0.0 , none , 0.52" 0.3" 0.88" 0.26" 0.01" 0.92" 0.46" 0.1"  
 8929.484375 , 659.0 , 471.4 , 1486.9 , none , 0.65" 0.23" 0.88" 0.26" 0.01" 0.92" 0.46" 0.1"  
 9089.34375 , 659.0 , 471.4 , 1486.9 , none , 0.65" 0.23" 0.88" 0.26" 0.01" 0.92" 0.46" 0.1"  
 9249.953125 , 638.0 , 472.0 , 1508.5 , none , 0.65" 0.23" 0.9" 0.26" 0.01" 0.92" 0.46" 0.1"  
 9411.0615234375 , 638.0 , 472.0 , 1508.5 , none , 0.65" 0.23" 0.9" 0.26" 0.01" 0.92" 0.46" 0.1"  
 9568.96875 , 638.0 , 472.0 , 1508.5 , none , 0.65" 0.23" 0.9" 0.26" 0.01" 0.92" 0.46" 0.1"  
 9726.8115234375 , 638.0 , 472.0 , 1508.5 , none , 0.65" 0.23" 0.9" 0.26" 0.01" 0.92" 0.46" 0.1"  
 9885.296875 , 638.0 , 472.0 , 1508.5 , none , 0.65" 0.23" 0.9" 0.26" 0.01" 0.92" 0.46" 0.1"  
 10026.625 , 638.0 , 0.0 , 0.0 , none , 0.65" 0.23" 0.9" 0.26" 0.01" 0.92" 0.46" 0.1"  
 10169.0146484375 , 638.0 , 0.0 , 0.0 , none , 0.65" 0.23" 0.9" 0.26" 0.01" 0.92" 0.46" 0.1"  
 10311.2646484375 , 637.0 , 472.1 , 1509.3 , none , 0.65" 0.23" 0.9" 0.26" 0.01" 0.33" 0.46" 0.1"  
 10469.359375 , 637.0 , 472.1 , 1509.3 , none , 0.65" 0.23" 0.9" 0.26" 0.01" 0.33" 0.46" 0.1"  
 10609.84375 , 637.0 , 472.1 , 1509.6 , none , 0.65" 0.23" 0.9" 0.26" 0.01" 0.92" 0.46" 0.1"  
 10750.234375 , 637.0 , 0.0 , 0.0 , none , 0.65" 0.23" 0.9" 0.26" 0.01" 0.92" 0.46" 0.1"  
 10873.7646484375 , 637.0 , 0.0 , 0.0 , none , 0.65" 0.23" 0.9" 0.26" 0.01" 0.92" 0.46" 0.1"  
 10996.71875 , 636.0 , 472.3 , 1510.6 , none , 0.65" 0.23" 0.9" 0.26" 0.01" 0.93" 0.46" 0.1"  
 11154.953125 , 636.0 , 466.9 , 1504.1 , none , 0.65" 0.02" 0.9" 0.26" 0.01" 0.92" 0.46" 0.1"  
 11313.78125 , 636.0 , 466.9 , 1504.1 , none , 0.65" 0.02" 0.9" 0.26" 0.01" 0.92" 0.46" 0.1"  
 11473.3115234375 , 636.0 , 466.9 , 1504.1 , none , 0.65" 0.02" 0.9" 0.26" 0.01" 0.92" 0.46" 0.1"  
 11632.5146484375 , 636.0 , 466.9 , 1504.1 , none , 0.65" 0.02" 0.9" 0.26" 0.01" 0.92" 0.46" 0.1"  
 11771.15625 , 636.0 , 0.0 , 0.0 , none , 0.65" 0.02" 0.9" 0.26" 0.01" 0.92" 0.46" 0.1"  
 11909.0146484375 , 636.0 , 0.0 , 0.0 , none , 0.65" 0.02" 0.9" 0.26" 0.01" 0.92" 0.46" 0.1"  
 12047.0146484375 , 636.0 , 0.0 , 0.0 , none , 0.65" 0.02" 0.9" 0.26" 0.01" 0.92" 0.46" 0.1"  
 12185.09375 , 636.0 , 0.0 , 0.0 , none , 0.65" 0.02" 0.9" 0.26" 0.01" 0.92" 0.46" 0.1"  
 12323.078125 , 636.0 , 0.0 , 0.0 , none , 0.65" 0.02" 0.9" 0.26" 0.01" 0.92" 0.46" 0.1"  
 12461.53125 , 636.0 , 0.0 , 0.0 , none , 0.65" 0.02" 0.9" 0.26" 0.01" 0.92" 0.46" 0.1"  
 12583.2646484375 , 636.0 , 0.0 , 0.0 , none , 0.65" 0.02" 0.9" 0.26" 0.01" 0.92" 0.46" 0.1"  
 12688.046875 , 636.0 , 0.0 , 0.0 , none , 0.65" 0.02" 0.9" 0.26" 0.01" 0.92" 0.46" 0.1"  
 12791.96875 , 636.0 , 0.0 , 0.0 , none , 0.65" 0.02" 0.9" 0.26" 0.01" 0.92" 0.46" 0.1"  
 12913.46875 , 636.0 , 0.0 , 0.0 , none , 0.65" 0.02" 0.9" 0.26" 0.01" 0.92" 0.46" 0.1"  
 13035.03125 , 636.0 , 0.0 , 0.0 , none , 0.65" 0.02" 0.9" 0.26" 0.01" 0.92" 0.46" 0.1"  
 13157.0 , 636.0 , 0.0 , 0.0 , none , 0.65" 0.02" 0.9" 0.26" 0.01" 0.92" 0.46" 0.1"  
 13296.0146484375 , 636.0 , 0.0 , 0.0 , none , 0.65" 0.02" 0.9" 0.26" 0.01" 0.92" 0.46" 0.1"  
 13399.59375 , 636.0 , 0.0 , 0.0 , none , 0.65" 0.02" 0.9" 0.26" 0.01" 0.92" 0.46" 0.1"  
 13521.34375 , 636.0 , 0.0 , 0.0 , none , 0.65" 0.02" 0.9" 0.26" 0.01" 0.92" 0.46" 0.1"  
 13643.59375 , 602.0 , 454.7 , 1526.2 , none , 0.86" 0.02" 0.9" 0.18" 0.01" 0.92" 0.46" 0.1"  
 13800.84375 , 602.0 , 454.7 , 1526.2 , none , 0.86" 0.02" 0.9" 0.18" 0.01" 0.92" 0.46" 0.1"  
 13941.703125 , 602.0 , 0.0 , 0.0 , none , 0.86" 0.02" 0.9" 0.18" 0.01" 0.92" 0.46" 0.1"  
 14083.25 , 602.0 , 0.0 , 0.0 , none , 0.86" 0.02" 0.9" 0.18" 0.01" 0.92" 0.46" 0.1"  
 14222.0615234375 , 602.0 , 0.0 , 0.0 , none , 0.86" 0.02" 0.9" 0.18" 0.01" 0.92" 0.46" 0.1"  
 14361.53125 , 602.0 , 0.0 , 0.0 , none , 0.86" 0.02" 0.9" 0.18" 0.01" 0.92" 0.46" 0.1"  
 14484.046875 , 602.0 , 0.0 , 0.0 , none , 0.86" 0.02" 0.9" 0.18" 0.01" 0.92" 0.46" 0.1"  
 14589.15625 , 602.0 , 0.0 , 0.0 , none , 0.86" 0.02" 0.9" 0.18" 0.01" 0.92" 0.46" 0.1"  
 14730.203125 , 602.0 , 0.0 , 0.0 , none , 0.86" 0.02" 0.9" 0.18" 0.01" 0.92" 0.46" 0.1"  
 14854.125 , 602.0 , 0.0 , 0.0 , none , 0.86" 0.02" 0.9" 0.18" 0.01" 0.92" 0.46" 0.1"  
 14996.359375 , 602.0 , 0.0 , 0.0 , none , 0.86" 0.02" 0.9" 0.18" 0.01" 0.92" 0.46" 0.1"  
 15156.90625 , 602.0 , 0.0 , 0.0 , none , 0.86" 0.02" 0.9" 0.18" 0.01" 0.92" 0.46" 0.1"  
 15299.96875 , 602.0 , 0.0 , 0.0 , none , 0.86" 0.02" 0.9" 0.18" 0.01" 0.92" 0.46" 0.1"  
 15404.734375 , 602.0 , 0.0 , 0.0 , none , 0.86" 0.02" 0.9" 0.18" 0.01" 0.92" 0.46" 0.1"  
 15492.34375 , 602.0 , 0.0 , 0.0 , none , 0.86" 0.02" 0.9" 0.18" 0.01" 0.92" 0.46" 0.1"  
 15632.75 , 602.0 , 0.0 , 0.0 , none , 0.86" 0.02" 0.9" 0.18" 0.01" 0.92" 0.46" 0.1"  
 15773.734375 , 596.0 , 454.8 , 1532.2 , none , 0.86" 0.02" 0.9" 0.18" 0.01" 0.92" 0.47" 0.1"  
 15897.78125 , 596.0 , 0.0 , 0.0 , none , 0.86" 0.02" 0.9" 0.18" 0.01" 0.92" 0.47" 0.1"  
 16039.8896484375 , 596.0 , 0.0 , 0.0 , none , 0.86" 0.02" 0.9" 0.18" 0.01" 0.92" 0.47" 0.1"  
 16164.109375 , 596.0 , 0.0 , 0.0 , none , 0.86" 0.02" 0.9" 0.18" 0.01" 0.92" 0.47" 0.1"  
 16322.234375 , 596.0 , 0.0 , 0.0 , none , 0.86" 0.02" 0.9" 0.18" 0.01" 0.92" 0.47" 0.1"  
 16445.015625 , 596.0 , 0.0 , 0.0 , none , 0.86" 0.02" 0.9" 0.18" 0.01" 0.92" 0.47" 0.1"  
 16568.125 , 596.0 , 0.0 , 0.0 , none , 0.86" 0.02" 0.9" 0.18" 0.01" 0.92" 0.47" 0.1"  
 16709.125 , 596.0 , 0.0 , 0.0 , none , 0.86" 0.02" 0.9" 0.18" 0.01" 0.92" 0.47" 0.1"  
 16851.623046875 , 596.0 , 0.0 , 0.0 , none , 0.86" 0.02" 0.9" 0.18" 0.01" 0.92" 0.47" 0.1"  
 17007.421875 , 596.0 , 456.0 , 1535.0 , none , 0.86" 0.02" 0.9" 0.19" 0.01" 0.39" 0.47" 0.1"  
 17128.328125 , 596.0 , 0.0 , 0.0 , none , 0.86" 0.02" 0.9" 0.19" 0.01" 0.39" 0.47" 0.1"  
 17266.40625 , 596.0 , 454.7 , 1532.8 , none , 0.86" 0.02" 0.9" 0.18" 0.01" 0.39" 0.47" 0.1"  
 17404.734375 , 595.0 , 456.0 , 1535.2 , none , 0.86" 0.02" 0.9" 0.19" 0.01" 0.92" 0.47" 0.1"  
 17560.09375 , 595.0 , 456.0 , 1535.2 , none , 0.86" 0.02" 0.9" 0.19" 0.01" 0.92" 0.47" 0.1"  
 17698.763671875 , 595.0 , 0.0 , 0.0 , none , 0.86" 0.02" 0.9" 0.19" 0.01" 0.92" 0.47" 0.1"  
 17820.1875 , 595.0 , 0.0 , 0.0 , none , 0.86" 0.02" 0.9" 0.19" 0.01" 0.92" 0.47" 0.1"  
 17959.548828125 , 595.0 , 0.0 , 0.0 , none , 0.86" 0.02" 0.9" 0.19" 0.01" 0.92" 0.47" 0.1"  
 18080.515625 , 595.0 , 0.0 , 0.0 , none , 0.86" 0.02" 0.9" 0.19" 0.01" 0.92" 0.47" 0.1"  
 18236.703125 , 595.0 , 0.0 , 0.0 , none , 0.86" 0.02" 0.9" 0.19" 0.01" 0.92" 0.47" 0.1"  
 18358.90625 , 595.0 , 0.0 , 0.0 , none , 0.86" 0.02" 0.9" 0.19" 0.01" 0.92" 0.47" 0.1"  
 18498.720703125 , 595.0 , 0.0 , 0.0 , none , 0.86" 0.02" 0.9" 0.19" 0.01" 0.92" 0.47" 0.1"  
 18602.671875 , 595.0 , 0.0 , 0.0 , none , 0.86" 0.02" 0.9" 0.19" 0.01" 0.92" 0.47" 0.1"  
 18724.40625 , 595.0 , 0.0 , 0.0 , none , 0.86" 0.02" 0.9" 0.19" 0.01" 0.92" 0.47" 0.1"  
 18829.0 , 595.0 , 0.0 , 0.0 , none , 0.86" 0.02" 0.9" 0.19" 0.01" 0.92" 0.47" 0.1"  
 18951.8125 , 595.0 , 0.0 , 0.0 , none , 0.86" 0.02" 0.9" 0.19" 0.01" 0.92" 0.47" 0.1"  
 19092.359375 , 595.0 , 0.0 , 0.0 , none , 0.86" 0.02" 0.9" 0.19" 0.01" 0.92" 0.47" 0.1"  
 19233.65625 , 595.0 , 455.9 , 1534.7 , none , 0.86" 0.02" 0.9" 0.19" 0.01" 0.34" 0.47" 0.1"  
 19356.5 , 595.0 , 0.0 , 0.0 , none , 0.86" 0.02" 0.9" 0.19" 0.01" 0.34" 0.47" 0.1"  
 19495.720703125 , 595.0 , 0.0 , 0.0 , none , 0.86" 0.02" 0.9" 0.19" 0.01" 0.34" 0.47" 0.1"  
 19617.921875 , 595.0 , 0.0 , 0.0 , none , 0.86" 0.02" 0.9" 0.19" 0.01" 0.34" 0.47" 0.1"  
 19775.5625 , 595.0 , 0.0 , 0.0 , none , 0.86" 0.02" 0.9" 0.19" 0.01" 0.34" 0.47" 0.1"  
 19934.123046875 , 595.0 , 456.0 , 1535.4 , none , 0.86" 0.02" 0.9" 0.19" 0.01" 0.92" 0.47" 0.1"  
 20057.828125 , 595.0 , 0.0 , 0.0 , none , 0.86" 0.02" 0.9" 0.19" 0.01" 0.92" 0.47" 0.1"  
 20217.578125 , 595.0 , 0.0 , 0.0 , none , 0.86" 0.02" 0.9" 0.19" 0.01" 0.92" 0.47" 0.1"  
 20360.607421875 , 595.0 , 454.9 , 1533.5 , none , 0.91" 0.02" 0.9" 0.19" 0.01" 0.92" 0.47" 0.1"  
 20486.123046875 , 595.0 , 455.9 , 1534.7 , none , 0.86" 0.02" 0.9" 0.19" 0.01" 0.92" 0.47" 0.1"  
 20643.796875 , 595.0 , 455.9 , 1534.7 , none , 0.86" 0.02" 0.9" 0.19" 0.01" 0.92" 0.47" 0.1"  
 20766.5625 , 595.0 , 0.0 , 0.0 , none , 0.86" 0.02" 0.9" 0.19" 0.01" 0.92" 0.47" 0.1"  
 20889.6875 , 595.0 , 456.0 , 1535.4 , none , 0.86" 0.02" 0.9" 0.19" 0.01" 0.81" 0.47" 0.1"  
 21030.951171875 , 595.0 , 456.0 , 1535.3 , none , 0.86" 0.02" 0.9" 0.19" 0.01" 0.92" 0.47" 0.1"  
 21119.451171875 , 595.0 , 0.0 , 0.0 , none , 0.86" 0.02" 0.9" 0.19" 0.01" 0.92" 0.47" 0.1"  
 21243.876953125 , 595.0 , 0.0 , 0.0 , none , 0.86" 0.02" 0.9" 0.19" 0.01" 0.92" 0.47" 0.1"  
 21350.203125 , 595.0 , 0.0 , 0.0 , none , 0.86" 0.02" 0.9" 0.19" 0.01" 0.92" 0.47" 0.1"  
 21456.359375 , 595.0 , 0.0 , 0.0 , none , 0.86" 0.02" 0.9" 0.19" 0.01" 0.92" 0.47" 0.1"  
 21526.359375 , 595.0 , 0.0 , 0.0 , none , 0.86" 0.02" 0.9" 0.19" 0.01" 0.92" 0.47" 0.1"  
 21596.328125 , 595.0 , 0.0 , 0.0 , none , 0.86" 0.02" 0.9" 0.19" 0.01" 0.92" 0.47" 0.1"  
 21666.451171875 , 595.0 , 0.0 , 0.0 , none , 0.86" 0.02" 0.9" 0.19" 0.01" 0.92" 0.47" 0.1"  
 21789.1875 , 595.0 , 455.9 , 1534.5 , none , 0.86" 0.02" 0.9" 0.19" 0.01" 0.63" 0.47" 0.1"  
 21929.935546875 , 595.0 , 456.0 , 1535.1 , none , 0.86" 0.02" 0.9" 0.19" 0.01" 0.92" 0.47" 0.1"  
 22051.09375 , 595.0 , 0.0 , 0.0 , none , 0.86" 0.02" 0.9" 0.19" 0.01" 0.92" 0.47" 0.1"  
 22154.359375 , 595.0 , 0.0 , 0.0 , none , 0.86" 0.02" 0.9" 0.19" 0.01" 0.92" 0.47" 0.1"  
 22292.75 , 440.0 , 555.1 , 2370.7 , none , 0.86" 0.71" 0.9" 0.58" 0.01" 0.96" 0.47" 0.1"  
 22413.876953125 , 440.0 , 0.0 , 0.0 , none , 0.86" 0.71" 0.9" 0.58" 0.01" 0.96" 0.47" 0.1"  
 22553.0625 , 440.0 , 0.0 , 0.0 , none , 0.86" 0.71" 0.9" 0.58" 0.01" 0.96" 0.47" 0.1"  
 22709.3125 , 337.0 , 431.1 , 1768.2 , none , 0.5" 0.71" 0.9" 0.58" 0.01" 0.11" 0.47" 0.1"  
 22866.296875 , 337.0 , 431.1 , 1768.2 , none , 0.5" 0.71" 0.9" 0.58" 0.01" 0.11" 0.47" 0.1"  
 23024.1875 , 337.0 , 431.1 , 1768.2 , none , 0.5" 0.71" 0.9" 0.58" 0.01" 0.11" 0.47" 0.1"  
 23180.703125 , 337.0 , 431.1 , 1768.2 , none , 0.5" 0.71" 0.9" 0.58" 0.01" 0.11" 0.47" 0.1"  
 23302.703125 , 337.0 , 0.0 , 0.0 , none , 0.5" 0.71" 0.9" 0.58" 0.01" 0.11" 0.47" 0.1"  
 23390.3125 , 337.0 , 0.0 , 0.0 , none , 0.5" 0.71" 0.9" 0.58" 0.01" 0.11" 0.47" 0.1"  
 23442.84375 , 337.0 , 0.0 , 0.0 , none , 0.5" 0.71" 0.9" 0.58" 0.01" 0.11" 0.47" 0.1"  
 23530.484375 , 337.0 , 0.0 , 0.0 , none , 0.5" 0.71" 0.9" 0.58" 0.01" 0.11" 0.47" 0.1"  
 23583.263671875 , 337.0 , 0.0 , 0.0 , none , 0.5" 0.71" 0.9" 0.58" 0.01" 0.11" 0.47" 0.1"  
 23669.623046875 , 337.0 , 0.0 , 0.0 , none , 0.5" 0.71" 0.9" 0.58" 0.01" 0.11" 0.47" 0.1"  
 23738.876953125 , 337.0 , 0.0 , 0.0 , none , 0.5" 0.71" 0.9" 0.58" 0.01" 0.11" 0.47" 0.1"  
 23808.140625 , 337.0 , 0.0 , 0.0 , none , 0.5" 0.71" 0.9" 0.58" 0.01" 0.11" 0.47" 0.1"  
 23929.8125 , 273.0 , 424.9 , 1825.7 , none , 0.5" 0.71" 0.9" 0.14" 0.01" 0.11" 0.47" 0.1"  
 24069.25 , 273.0 , 424.9 , 1825.7 , none , 0.5" 0.71" 0.9" 0.14" 0.01" 0.11" 0.47" 0.1"  
 24192.40625 , 273.0 , 0.0 , 0.0 , none , 0.5" 0.71" 0.9" 0.14" 0.01" 0.11" 0.47" 0.1"  
 24298.09375 , 273.0 , 0.0 , 0.0 , none , 0.5" 0.71" 0.9" 0.14" 0.01" 0.11" 0.47" 0.1"  
 24420.734375 , 272.0 , 424.9 , 1826.7 , none , 0.5" 0.71" 0.9" 0.1" 0.01" 0.11" 0.47" 0.1"  
 24541.984375 , 269.0 , 425.3 , 1830.4 , none , 0.5" 0.71" 0.9" 0.14" 0.01" 0.11" 0.47" 0.1"  
 24663.623046875 , 269.0 , 0.0 , 0.0 , none , 0.5" 0.71" 0.9" 0.14" 0.01" 0.11" 0.47" 0.1"  
 24785.734375 , 269.0 , 0.0 , 0.0 , none , 0.5" 0.71" 0.9" 0.14" 0.01" 0.11" 0.47" 0.1"  
 24890.763671875 , 269.0 , 0.0 , 0.0 , none , 0.5" 0.71" 0.9" 0.14" 0.01" 0.11" 0.47" 0.1"  
 25013.84375 , 269.0 , 0.0 , 0.0 , none , 0.5" 0.71" 0.9" 0.14" 0.01" 0.11" 0.47" 0.1"  
 25119.703125 , 269.0 , 0.0 , 0.0 , none , 0.5" 0.71" 0.9" 0.14" 0.01" 0.11" 0.47" 0.1"  
 25225.84375 , 269.0 , 0.0 , 0.0 , none , 0.5" 0.71" 0.9" 0.14" 0.01" 0.11" 0.47" 0.1"  
 25332.435546875 , 269.0 , 0.0 , 0.0 , none , 0.5" 0.71" 0.9" 0.14" 0.01" 0.11" 0.47" 0.1"  
 25421.390625 , 269.0 , 0.0 , 0.0 , none , 0.5" 0.71" 0.9" 0.14" 0.01" 0.11" 0.47" 0.1"  
 25510.779296875 , 269.0 , 0.0 , 0.0 , none , 0.5" 0.71" 0.9" 0.14" 0.01" 0.11" 0.47" 0.1"  
 25617.140625 , 269.0 , 0.0 , 0.0 , none , 0.5" 0.71" 0.9" 0.14" 0.01" 0.11" 0.47" 0.1"  
 25703.720703125 , 269.0 , 0.0 , 0.0 , none , 0.5" 0.71" 0.9" 0.14" 0.01" 0.11" 0.47" 0.1"  
 25808.263671875 , 268.0 , 429.5 , 1835.5 , none , 0.5" 0.71" 0.9" 0.14" 0.01" 0.05" 0.47" 0.1"  
 25930.53125 , 268.0 , 0.0 , 0.0 , none , 0.5" 0.71" 0.9" 0.14" 0.01" 0.05" 0.47" 0.1"  
 26053.484375 , 268.0 , 0.0 , 0.0 , none , 0.5" 0.71" 0.9" 0.14" 0.01" 0.05" 0.47" 0.1"  
 26177.234375 , 268.0 , 0.0 , 0.0 , none , 0.5" 0.71" 0.9" 0.14" 0.01" 0.05" 0.47" 0.1"  
 26301.015625 , 268.0 , 0.0 , 0.0 , none , 0.5" 0.71" 0.9" 0.14" 0.01" 0.05" 0.47" 0.1"  
 26389.75 , 268.0 , 0.0 , 0.0 , none , 0.5" 0.71" 0.9" 0.14" 0.01" 0.05" 0.47" 0.1"  
 26510.623046875 , 268.0 , 0.0 , 0.0 , none , 0.5" 0.71" 0.9" 0.14" 0.01" 0.05" 0.47" 0.1"  
 26596.3125 , 268.0 , 0.0 , 0.0 , none , 0.5" 0.71" 0.9" 0.14" 0.01" 0.05" 0.47" 0.1"  
 26716.890625 , 268.0 , 0.0 , 0.0 , none , 0.5" 0.71" 0.9" 0.14" 0.01" 0.05" 0.47" 0.1"  
 26837.65625 , 268.0 , 0.0 , 0.0 , none , 0.5" 0.71" 0.9" 0.14" 0.01" 0.05" 0.47" 0.1"  
 26958.25 , 260.0 , 424.9 , 1838.7 , none , 0.43" 0.71" 0.9" 0.14" 0.01" 0.11" 0.47" 0.1"  
 27078.8125 , 260.0 , 0.0 , 0.0 , none , 0.43" 0.71" 0.9" 0.14" 0.01" 0.11" 0.47" 0.1"  
 27182.279296875 , 260.0 , 0.0 , 0.0 , none , 0.43" 0.71" 0.9" 0.14" 0.01" 0.11" 0.47" 0.1"  
 27285.720703125 , 260.0 , 0.0 , 0.0 , none , 0.43" 0.71" 0.9" 0.14" 0.01" 0.11" 0.47" 0.1"  
 27406.25 , 260.0 , 0.0 , 0.0 , none , 0.43" 0.71" 0.9" 0.14" 0.01" 0.11" 0.47" 0.1"  
 27509.607421875 , 260.0 , 0.0 , 0.0 , none , 0.43" 0.71" 0.9" 0.14" 0.01" 0.11" 0.47" 0.1"  
 27612.390625 , 260.0 , 0.0 , 0.0 , none , 0.43" 0.71" 0.9" 0.14" 0.01" 0.11" 0.47" 0.1"  
 27749.671875 , 260.0 , 0.0 , 0.0 , none , 0.43" 0.71" 0.9" 0.14" 0.01" 0.11" 0.47" 0.1"  
 27870.25 , 258.0 , 429.0 , 1845.1 , none , 0.43" 0.71" 0.9" 0.14" 0.01" 0.05" 0.47" 0.1"  
 27991.0 , 258.0 , 0.0 , 0.0 , none , 0.43" 0.71" 0.9" 0.14" 0.01" 0.05" 0.47" 0.1"  
 28094.048828125 , 258.0 , 0.0 , 0.0 , none , 0.43" 0.71" 0.9" 0.14" 0.01" 0.05" 0.47" 0.1"  
 28197.0625 , 258.0 , 0.0 , 0.0 , none , 0.43" 0.71" 0.9" 0.14" 0.01" 0.05" 0.47" 0.1"  
 28334.859375 , 258.0 , 0.0 , 0.0 , none , 0.43" 0.71" 0.9" 0.14" 0.01" 0.05" 0.47" 0.1"  
 28472.5625 , 258.0 , 0.0 , 0.0 , none , 0.43" 0.71" 0.9" 0.14" 0.01" 0.05" 0.47" 0.1"  
 28593.671875 , 258.0 , 0.0 , 0.0 , none , 0.43" 0.71" 0.9" 0.14" 0.01" 0.05" 0.47" 0.1"  
 28697.40625 , 258.0 , 0.0 , 0.0 , none , 0.43" 0.71" 0.9" 0.14" 0.01" 0.05" 0.47" 0.1"  
 28818.828125 , 258.0 , 0.0 , 0.0 , none , 0.43" 0.71" 0.9" 0.14" 0.01" 0.05" 0.47" 0.1"  
 28939.03125 , 258.0 , 0.0 , 0.0 , none , 0.43" 0.71" 0.9" 0.14" 0.01" 0.05" 0.47" 0.1"  
 29041.921875 , 258.0 , 0.0 , 0.0 , none , 0.43" 0.71" 0.9" 0.14" 0.01" 0.05" 0.47" 0.1"  
 29145.3125 , 258.0 , 0.0 , 0.0 , none , 0.43" 0.71" 0.9" 0.14" 0.01" 0.05" 0.47" 0.1"  
 29248.263671875 , 258.0 , 0.0 , 0.0 , none , 0.43" 0.71" 0.9" 0.14" 0.01" 0.05" 0.47" 0.1"  
 29352.048828125 , 258.0 , 0.0 , 0.0 , none , 0.43" 0.71" 0.9" 0.14" 0.01" 0.05" 0.47" 0.1"  
 29472.703125 , 258.0 , 0.0 , 0.0 , none , 0.43" 0.71" 0.9" 0.14" 0.01" 0.05" 0.47" 0.1"  
 29593.935546875 , 258.0 , 0.0 , 0.0 , none , 0.43" 0.71" 0.9" 0.14" 0.01" 0.05" 0.47" 0.1"  
 29680.451171875 , 258.0 , 0.0 , 0.0 , none , 0.43" 0.71" 0.9" 0.14" 0.01" 0.05" 0.47" 0.1"  
 29785.15625 , 258.0 , 0.0 , 0.0 , none , 0.43" 0.71" 0.9" 0.14" 0.01" 0.05" 0.47" 0.1"  
 29889.46875 , 258.0 , 0.0 , 0.0 , none , 0.43" 0.71" 0.9" 0.14" 0.01" 0.05" 0.47" 0.1"  
 29976.53125 , 258.0 , 0.0 , 0.0 , none , 0.43" 0.71" 0.9" 0.14" 0.01" 0.05" 0.47" 0.1"  
 30097.484375 , 258.0 , 0.0 , 0.0 , none , 0.43" 0.71" 0.9" 0.14" 0.01" 0.05" 0.47" 0.1"  
 30200.435546875 , 258.0 , 0.0 , 0.0 , none , 0.43" 0.71" 0.9" 0.14" 0.01" 0.05" 0.47" 0.1"  
 30320.65625 , 258.0 , 0.0 , 0.0 , none , 0.43" 0.71" 0.9" 0.14" 0.01" 0.05" 0.47" 0.1"  
 30458.484375 , 258.0 , 0.0 , 0.0 , none , 0.43" 0.71" 0.9" 0.14" 0.01" 0.05" 0.47" 0.1"  
 30579.15625 , 258.0 , 0.0 , 0.0 , none , 0.43" 0.71" 0.9" 0.14" 0.01" 0.05" 0.47" 0.1"  
 30683.03125 , 258.0 , 0.0 , 0.0 , none , 0.43" 0.71" 0.9" 0.14" 0.01" 0.05" 0.47" 0.1"  
 30770.484375 , 258.0 , 0.0 , 0.0 , none , 0.43" 0.71" 0.9" 0.14" 0.01" 0.05" 0.47" 0.1"  
 30891.935546875 , 258.0 , 0.0 , 0.0 , none , 0.43" 0.71" 0.9" 0.14" 0.01" 0.05" 0.47" 0.1"  
 31013.376953125 , 249.0 , 427.3 , 1852.9 , none , 0.43" 0.71" 0.9" 0.05" 0.01" 0.05" 0.47" 0.1"  
 31133.890625 , 249.0 , 427.3 , 1852.9 , none , 0.43" 0.71" 0.9" 0.05" 0.01" 0.05" 0.47" 0.1"  
 31236.8125 , 249.0 , 0.0 , 0.0 , none , 0.43" 0.71" 0.9" 0.05" 0.01" 0.05" 0.47" 0.1"  
 31340.220703125 , 249.0 , 0.0 , 0.0 , none , 0.43" 0.71" 0.9" 0.05" 0.01" 0.05" 0.47" 0.1"  
 31443.890625 , 249.0 , 0.0 , 0.0 , none , 0.43" 0.71" 0.9" 0.05" 0.01" 0.05" 0.47" 0.1"  
 31564.359375 , 249.0 , 0.0 , 0.0 , none , 0.43" 0.71" 0.9" 0.05" 0.01" 0.05" 0.47" 0.1"  
 31684.921875 , 248.0 , 423.8 , 1849.8 , none , 0.43" 0.71" 0.9" 0.05" 0.01" 0.1" 0.47" 0.1"  
 31684.935546875 , 248.0 , 423.8 , 1849.8 , none , 0.43" 0.71" 0.9" 0.05" 0.01" 0.1" 0.47" 0.1"  
